上交所回购利率,FRGC001,,,,FRGC007,,,,SHIBOR隔夜,,,,SHIBOR1周,,,,SHIBOR3月,,,,SHIBOR6月,,,,SHIBOR1年,
,FRGC001.IR,,,,FRGC007.IR,,,,SHIBORON.IR,,,,SHIBOR1W.IR,,,,SHIBOR3M.IR,,,,SHIBOR6M.IR,,,,SHIBOR1Y.IR,
日期,证券简称,收盘价,,日期,证券简称,收盘价,,日期,证券简称,收盘价,,日期,证券简称,收盘价,,日期,证券简称,收盘价,,日期,证券简称,收盘价,,日期,证券简称,收盘价
Date,sec_name,close,,Date,sec_name,close,,Date,sec_name,close,,Date,sec_name,close,,Date,sec_name,close,,Date,sec_name,close,,Date,sec_name,close
2016-01-05,FRGC001,4.2710,,2016-01-05,FRGC007,3.3260,,2016-01-05,SHIBOR隔夜,1.9980,,2016-01-05,SHIBOR1周,2.3300,,2016-01-05,SHIBOR3月,3.0860,,2016-01-05,SHIBOR6月,3.2000,,2016-01-05,SHIBOR1年,3.3500
2016-01-04,FRGC001,4.6640,,2016-01-04,FRGC007,3.4800,,2016-01-04,SHIBOR隔夜,1.9950,,2016-01-04,SHIBOR1周,2.3350,,2016-01-04,SHIBOR3月,3.0860,,2016-01-04,SHIBOR6月,3.2000,,2016-01-04,SHIBOR1年,3.3500
2015-12-31,FRGC001,4.3480,,2015-12-31,FRGC007,4.3880,,2015-12-31,SHIBOR隔夜,1.9910,,2015-12-31,SHIBOR1周,2.3550,,2015-12-31,SHIBOR3月,3.0852,,2015-12-31,SHIBOR6月,3.2000,,2015-12-31,SHIBOR1年,3.3500
2015-12-30,FRGC001,1.6880,,2015-12-30,FRGC007,2.8410,,2015-12-30,SHIBOR隔夜,1.9350,,2015-12-30,SHIBOR1周,2.3520,,2015-12-30,SHIBOR3月,3.0882,,2015-12-30,SHIBOR6月,3.2000,,2015-12-30,SHIBOR1年,3.3500
2015-12-29,FRGC001,2.9260,,2015-12-29,FRGC007,2.7980,,2015-12-29,SHIBOR隔夜,1.9350,,2015-12-29,SHIBOR1周,2.3520,,2015-12-29,SHIBOR3月,3.0882,,2015-12-29,SHIBOR6月,3.2000,,2015-12-29,SHIBOR1年,3.3500
2015-12-28,FRGC001,2.7880,,2015-12-28,FRGC007,2.9050,,2015-12-28,SHIBOR隔夜,1.9390,,2015-12-28,SHIBOR1周,2.3540,,2015-12-28,SHIBOR3月,3.0878,,2015-12-28,SHIBOR6月,3.2000,,2015-12-28,SHIBOR1年,3.3500
2015-12-25,FRGC001,3.6840,,2015-12-25,FRGC007,3.5340,,2015-12-25,SHIBOR隔夜,1.9340,,2015-12-25,SHIBOR1周,2.3550,,2015-12-25,SHIBOR3月,3.0825,,2015-12-25,SHIBOR6月,3.2000,,2015-12-25,SHIBOR1年,3.3500
2015-12-24,FRGC001,2.0730,,2015-12-24,FRGC007,2.7050,,2015-12-24,SHIBOR隔夜,1.9240,,2015-12-24,SHIBOR1周,2.3480,,2015-12-24,SHIBOR3月,3.0774,,2015-12-24,SHIBOR6月,3.2000,,2015-12-24,SHIBOR1年,3.3500
2015-12-23,FRGC001,5.1090,,2015-12-23,FRGC007,3.4330,,2015-12-23,SHIBOR隔夜,1.9030,,2015-12-23,SHIBOR1周,2.3480,,2015-12-23,SHIBOR3月,3.0735,,2015-12-23,SHIBOR6月,3.2000,,2015-12-23,SHIBOR1年,3.3500
2015-12-22,FRGC001,3.5760,,2015-12-22,FRGC007,3.2930,,2015-12-22,SHIBOR隔夜,1.8750,,2015-12-22,SHIBOR1周,2.3420,,2015-12-22,SHIBOR3月,3.0611,,2015-12-22,SHIBOR6月,3.2000,,2015-12-22,SHIBOR1年,3.3500
2015-12-21,FRGC001,2.5590,,2015-12-21,FRGC007,2.9410,,2015-12-21,SHIBOR隔夜,1.8430,,2015-12-21,SHIBOR1周,2.3340,,2015-12-21,SHIBOR3月,3.0551,,2015-12-21,SHIBOR6月,3.2000,,2015-12-21,SHIBOR1年,3.3503
2015-12-18,FRGC001,2.7130,,2015-12-18,FRGC007,2.9110,,2015-12-18,SHIBOR隔夜,1.8160,,2015-12-18,SHIBOR1周,2.3180,,2015-12-18,SHIBOR3月,3.0501,,2015-12-18,SHIBOR6月,3.2000,,2015-12-18,SHIBOR1年,3.3500
2015-12-17,FRGC001,1.0590,,2015-12-17,FRGC007,2.6730,,2015-12-17,SHIBOR隔夜,1.7930,,2015-12-17,SHIBOR1周,2.2990,,2015-12-17,SHIBOR3月,3.0481,,2015-12-17,SHIBOR6月,3.2000,,2015-12-17,SHIBOR1年,3.3500
2015-12-16,FRGC001,2.1930,,2015-12-16,FRGC007,2.4790,,2015-12-16,SHIBOR隔夜,1.7900,,2015-12-16,SHIBOR1周,2.3010,,2015-12-16,SHIBOR3月,3.0475,,2015-12-16,SHIBOR6月,3.2000,,2015-12-16,SHIBOR1年,3.3500
2015-12-15,FRGC001,3.8140,,2015-12-15,FRGC007,2.8240,,2015-12-15,SHIBOR隔夜,1.7880,,2015-12-15,SHIBOR1周,2.2990,,2015-12-15,SHIBOR3月,3.0510,,2015-12-15,SHIBOR6月,3.2000,,2015-12-15,SHIBOR1年,3.3500
2015-12-14,FRGC001,4.4080,,2015-12-14,FRGC007,2.7840,,2015-12-14,SHIBOR隔夜,1.7880,,2015-12-14,SHIBOR1周,2.3030,,2015-12-14,SHIBOR3月,3.0461,,2015-12-14,SHIBOR6月,3.2000,,2015-12-14,SHIBOR1年,3.3500
2015-12-11,FRGC001,2.8360,,2015-12-11,FRGC007,2.8630,,2015-12-11,SHIBOR隔夜,1.7880,,2015-12-11,SHIBOR1周,2.3020,,2015-12-11,SHIBOR3月,3.0510,,2015-12-11,SHIBOR6月,3.2000,,2015-12-11,SHIBOR1年,3.3500
2015-12-10,FRGC001,0.8830,,2015-12-10,FRGC007,2.7280,,2015-12-10,SHIBOR隔夜,1.7890,,2015-12-10,SHIBOR1周,2.2970,,2015-12-10,SHIBOR3月,3.0460,,2015-12-10,SHIBOR6月,3.2000,,2015-12-10,SHIBOR1年,3.3500
2015-12-09,FRGC001,1.6130,,2015-12-09,FRGC007,2.5150,,2015-12-09,SHIBOR隔夜,1.7890,,2015-12-09,SHIBOR1周,2.2940,,2015-12-09,SHIBOR3月,3.0470,,2015-12-09,SHIBOR6月,3.2000,,2015-12-09,SHIBOR1年,3.3500
2015-12-08,FRGC001,1.5590,,2015-12-08,FRGC007,2.3090,,2015-12-08,SHIBOR隔夜,1.7860,,2015-12-08,SHIBOR1周,2.2920,,2015-12-08,SHIBOR3月,3.0510,,2015-12-08,SHIBOR6月,3.2000,,2015-12-08,SHIBOR1年,3.3500
2015-12-07,FRGC001,1.7910,,2015-12-07,FRGC007,2.1520,,2015-12-07,SHIBOR隔夜,1.7840,,2015-12-07,SHIBOR1周,2.2910,,2015-12-07,SHIBOR3月,3.0480,,2015-12-07,SHIBOR6月,3.2000,,2015-12-07,SHIBOR1年,3.3500
2015-12-04,FRGC001,1.8890,,2015-12-04,FRGC007,2.0140,,2015-12-04,SHIBOR隔夜,1.7870,,2015-12-04,SHIBOR1周,2.2930,,2015-12-04,SHIBOR3月,3.0430,,2015-12-04,SHIBOR6月,3.2000,,2015-12-04,SHIBOR1年,3.3500
2015-12-03,FRGC001,1.0300,,2015-12-03,FRGC007,2.0050,,2015-12-03,SHIBOR隔夜,1.7870,,2015-12-03,SHIBOR1周,2.2920,,2015-12-03,SHIBOR3月,3.0430,,2015-12-03,SHIBOR6月,3.2000,,2015-12-03,SHIBOR1年,3.3500
2015-12-02,FRGC001,3.0780,,2015-12-02,FRGC007,2.4780,,2015-12-02,SHIBOR隔夜,1.7860,,2015-12-02,SHIBOR1周,2.2930,,2015-12-02,SHIBOR3月,3.0420,,2015-12-02,SHIBOR6月,3.2000,,2015-12-02,SHIBOR1年,3.3500
2015-12-01,FRGC001,3.3250,,2015-12-01,FRGC007,2.8080,,2015-12-01,SHIBOR隔夜,1.7880,,2015-12-01,SHIBOR1周,2.2940,,2015-12-01,SHIBOR3月,3.0470,,2015-12-01,SHIBOR6月,3.2000,,2015-12-01,SHIBOR1年,3.3500
2015-11-30,FRGC001,3.3970,,2015-11-30,FRGC007,3.5120,,2015-11-30,SHIBOR隔夜,1.7880,,2015-11-30,SHIBOR1周,2.2990,,2015-11-30,SHIBOR3月,3.0500,,2015-11-30,SHIBOR6月,3.2000,,2015-11-30,SHIBOR1年,3.3500
2015-11-27,FRGC001,2.0180,,2015-11-27,FRGC007,3.3280,,2015-11-27,SHIBOR隔夜,1.7860,,2015-11-27,SHIBOR1周,2.2930,,2015-11-27,SHIBOR3月,3.0500,,2015-11-27,SHIBOR6月,3.2000,,2015-11-27,SHIBOR1年,3.3500
2015-11-26,FRGC001,0.8100,,2015-11-26,FRGC007,2.9010,,2015-11-26,SHIBOR隔夜,1.7850,,2015-11-26,SHIBOR1周,2.2890,,2015-11-26,SHIBOR3月,3.0500,,2015-11-26,SHIBOR6月,3.2000,,2015-11-26,SHIBOR1年,3.3503
2015-11-25,FRGC001,1.3200,,2015-11-25,FRGC007,2.3000,,2015-11-25,SHIBOR隔夜,1.7850,,2015-11-25,SHIBOR1周,2.2860,,2015-11-25,SHIBOR3月,3.0500,,2015-11-25,SHIBOR6月,3.2000,,2015-11-25,SHIBOR1年,3.3500
2015-11-24,FRGC001,1.3600,,2015-11-24,FRGC007,2.0550,,2015-11-24,SHIBOR隔夜,1.7850,,2015-11-24,SHIBOR1周,2.2850,,2015-11-24,SHIBOR3月,3.0500,,2015-11-24,SHIBOR6月,3.2000,,2015-11-24,SHIBOR1年,3.3503
2015-11-23,FRGC001,1.5690,,2015-11-23,FRGC007,2.0850,,2015-11-23,SHIBOR隔夜,1.7850,,2015-11-23,SHIBOR1周,2.2830,,2015-11-23,SHIBOR3月,3.0460,,2015-11-23,SHIBOR6月,3.2000,,2015-11-23,SHIBOR1年,3.3503
2015-11-20,FRGC001,1.9000,,2015-11-20,FRGC007,2.4290,,2015-11-20,SHIBOR隔夜,1.7840,,2015-11-20,SHIBOR1周,2.2820,,2015-11-20,SHIBOR3月,3.0440,,2015-11-20,SHIBOR6月,3.1980,,2015-11-20,SHIBOR1年,3.3500
2015-11-19,FRGC001,0.7770,,2015-11-19,FRGC007,2.3530,,2015-11-19,SHIBOR隔夜,1.7850,,2015-11-19,SHIBOR1周,2.2800,,2015-11-19,SHIBOR3月,3.0440,,2015-11-19,SHIBOR6月,3.1970,,2015-11-19,SHIBOR1年,3.3500
2015-11-18,FRGC001,1.6890,,2015-11-18,FRGC007,2.1810,,2015-11-18,SHIBOR隔夜,1.7810,,2015-11-18,SHIBOR1周,2.2790,,2015-11-18,SHIBOR3月,3.0441,,2015-11-18,SHIBOR6月,3.1980,,2015-11-18,SHIBOR1年,3.3500
2015-11-17,FRGC001,1.8070,,2015-11-17,FRGC007,2.2030,,2015-11-17,SHIBOR隔夜,1.7820,,2015-11-17,SHIBOR1周,2.2780,,2015-11-17,SHIBOR3月,3.0400,,2015-11-17,SHIBOR6月,3.1980,,2015-11-17,SHIBOR1年,3.3500
2015-11-16,FRGC001,1.9170,,2015-11-16,FRGC007,2.1630,,2015-11-16,SHIBOR隔夜,1.7840,,2015-11-16,SHIBOR1周,2.2790,,2015-11-16,SHIBOR3月,3.0380,,2015-11-16,SHIBOR6月,3.2000,,2015-11-16,SHIBOR1年,3.3508
2015-11-13,FRGC001,1.9930,,2015-11-13,FRGC007,2.1530,,2015-11-13,SHIBOR隔夜,1.7860,,2015-11-13,SHIBOR1周,2.2780,,2015-11-13,SHIBOR3月,3.0340,,2015-11-13,SHIBOR6月,3.2000,,2015-11-13,SHIBOR1年,3.3508
2015-11-12,FRGC001,0.8850,,2015-11-12,FRGC007,2.1420,,2015-11-12,SHIBOR隔夜,1.7840,,2015-11-12,SHIBOR1周,2.2790,,2015-11-12,SHIBOR3月,3.0340,,2015-11-12,SHIBOR6月,3.2000,,2015-11-12,SHIBOR1年,3.3500
2015-11-11,FRGC001,2.0220,,2015-11-11,FRGC007,2.1880,,2015-11-11,SHIBOR隔夜,1.7820,,2015-11-11,SHIBOR1周,2.2790,,2015-11-11,SHIBOR3月,3.0340,,2015-11-11,SHIBOR6月,3.2000,,2015-11-11,SHIBOR1年,3.3500
2015-11-10,FRGC001,2.2670,,2015-11-10,FRGC007,2.3320,,2015-11-10,SHIBOR隔夜,1.7830,,2015-11-10,SHIBOR1周,2.2800,,2015-11-10,SHIBOR3月,3.0340,,2015-11-10,SHIBOR6月,3.1990,,2015-11-10,SHIBOR1年,3.3510
2015-11-09,FRGC001,2.7700,,2015-11-09,FRGC007,2.5750,,2015-11-09,SHIBOR隔夜,1.7860,,2015-11-09,SHIBOR1周,2.2850,,2015-11-09,SHIBOR3月,3.0330,,2015-11-09,SHIBOR6月,3.1980,,2015-11-09,SHIBOR1年,3.3500
2015-11-06,FRGC001,2.6470,,2015-11-06,FRGC007,2.3310,,2015-11-06,SHIBOR隔夜,1.7870,,2015-11-06,SHIBOR1周,2.2850,,2015-11-06,SHIBOR3月,3.0355,,2015-11-06,SHIBOR6月,3.2000,,2015-11-06,SHIBOR1年,3.3500
2015-11-05,FRGC001,1.3410,,2015-11-05,FRGC007,2.4810,,2015-11-05,SHIBOR隔夜,1.7870,,2015-11-05,SHIBOR1周,2.2880,,2015-11-05,SHIBOR3月,3.0405,,2015-11-05,SHIBOR6月,3.2050,,2015-11-05,SHIBOR1年,3.3500
2015-11-04,FRGC001,3.0040,,2015-11-04,FRGC007,2.6380,,2015-11-04,SHIBOR隔夜,1.7900,,2015-11-04,SHIBOR1周,2.2930,,2015-11-04,SHIBOR3月,3.0415,,2015-11-04,SHIBOR6月,3.2130,,2015-11-04,SHIBOR1年,3.3510
2015-11-03,FRGC001,2.5950,,2015-11-03,FRGC007,2.6870,,2015-11-03,SHIBOR隔夜,1.7920,,2015-11-03,SHIBOR1周,2.2900,,2015-11-03,SHIBOR3月,3.0425,,2015-11-03,SHIBOR6月,3.2170,,2015-11-03,SHIBOR1年,3.3540
2015-11-02,FRGC001,2.0900,,2015-11-02,FRGC007,2.2980,,2015-11-02,SHIBOR隔夜,1.7930,,2015-11-02,SHIBOR1周,2.2910,,2015-11-02,SHIBOR3月,3.0420,,2015-11-02,SHIBOR6月,3.2220,,2015-11-02,SHIBOR1年,3.3550
2015-10-30,FRGC001,2.0280,,2015-10-30,FRGC007,2.2490,,2015-10-30,SHIBOR隔夜,1.7980,,2015-10-30,SHIBOR1周,2.2910,,2015-10-30,SHIBOR3月,3.0360,,2015-10-30,SHIBOR6月,3.2265,,2015-10-30,SHIBOR1年,3.3575
2015-10-29,FRGC001,0.9630,,2015-10-29,FRGC007,2.3430,,2015-10-29,SHIBOR隔夜,1.7980,,2015-10-29,SHIBOR1周,2.2910,,2015-10-29,SHIBOR3月,3.0360,,2015-10-29,SHIBOR6月,3.2380,,2015-10-29,SHIBOR1年,3.3640
2015-10-28,FRGC001,2.1520,,2015-10-28,FRGC007,2.2980,,2015-10-28,SHIBOR隔夜,1.7960,,2015-10-28,SHIBOR1周,2.2920,,2015-10-28,SHIBOR3月,3.0380,,2015-10-28,SHIBOR6月,3.2490,,2015-10-28,SHIBOR1年,3.3710
2015-10-27,FRGC001,2.3240,,2015-10-27,FRGC007,2.4680,,2015-10-27,SHIBOR隔夜,1.8000,,2015-10-27,SHIBOR1周,2.2970,,2015-10-27,SHIBOR3月,3.0470,,2015-10-27,SHIBOR6月,3.2720,,2015-10-27,SHIBOR1年,3.3840
2015-10-26,FRGC001,2.7130,,2015-10-26,FRGC007,2.6760,,2015-10-26,SHIBOR隔夜,1.8400,,2015-10-26,SHIBOR1周,2.3380,,2015-10-26,SHIBOR3月,3.0840,,2015-10-26,SHIBOR6月,3.2980,,2015-10-26,SHIBOR1年,3.3920
2015-10-23,FRGC001,3.9160,,2015-10-23,FRGC007,2.8460,,2015-10-23,SHIBOR隔夜,1.9090,,2015-10-23,SHIBOR1周,2.4010,,2015-10-23,SHIBOR3月,3.1440,,2015-10-23,SHIBOR6月,3.3510,,2015-10-23,SHIBOR1年,3.4180
2015-10-22,FRGC001,1.5570,,2015-10-22,FRGC007,2.5810,,2015-10-22,SHIBOR隔夜,1.9040,,2015-10-22,SHIBOR1周,2.3960,,2015-10-22,SHIBOR3月,3.1570,,2015-10-22,SHIBOR6月,3.3510,,2015-10-22,SHIBOR1年,3.4180
2015-10-21,FRGC001,2.2700,,2015-10-21,FRGC007,2.3840,,2015-10-21,SHIBOR隔夜,1.9050,,2015-10-21,SHIBOR1周,2.3940,,2015-10-21,SHIBOR3月,3.1690,,2015-10-21,SHIBOR6月,3.3510,,2015-10-21,SHIBOR1年,3.4190
2015-10-20,FRGC001,2.1160,,2015-10-20,FRGC007,2.3620,,2015-10-20,SHIBOR隔夜,1.9030,,2015-10-20,SHIBOR1周,2.3940,,2015-10-20,SHIBOR3月,3.1750,,2015-10-20,SHIBOR6月,3.3510,,2015-10-20,SHIBOR1年,3.4180
2015-10-19,FRGC001,2.3410,,2015-10-19,FRGC007,2.5160,,2015-10-19,SHIBOR隔夜,1.9020,,2015-10-19,SHIBOR1周,2.3950,,2015-10-19,SHIBOR3月,3.1783,,2015-10-19,SHIBOR6月,3.3500,,2015-10-19,SHIBOR1年,3.4160
2015-10-16,FRGC001,2.5610,,2015-10-16,FRGC007,2.4590,,2015-10-16,SHIBOR隔夜,1.8990,,2015-10-16,SHIBOR1周,2.3940,,2015-10-16,SHIBOR3月,3.1826,,2015-10-16,SHIBOR6月,3.3460,,2015-10-16,SHIBOR1年,3.4150
2015-10-15,FRGC001,1.1200,,2015-10-15,FRGC007,2.4150,,2015-10-15,SHIBOR隔夜,1.9010,,2015-10-15,SHIBOR1周,2.3970,,2015-10-15,SHIBOR3月,3.1846,,2015-10-15,SHIBOR6月,3.3525,,2015-10-15,SHIBOR1年,3.4150
2015-10-14,FRGC001,1.9370,,2015-10-14,FRGC007,2.3040,,2015-10-14,SHIBOR隔夜,1.9000,,2015-10-14,SHIBOR1周,2.3970,,2015-10-14,SHIBOR3月,3.1860,,2015-10-14,SHIBOR6月,3.3530,,2015-10-14,SHIBOR1年,3.4140
2015-10-13,FRGC001,2.2290,,2015-10-13,FRGC007,2.4460,,2015-10-13,SHIBOR隔夜,1.9000,,2015-10-13,SHIBOR1周,2.3970,,2015-10-13,SHIBOR3月,3.1825,,2015-10-13,SHIBOR6月,3.3481,,2015-10-13,SHIBOR1年,3.4130
2015-10-12,FRGC001,2.6270,,2015-10-12,FRGC007,2.7700,,2015-10-12,SHIBOR隔夜,1.9020,,2015-10-12,SHIBOR1周,2.3970,,2015-10-12,SHIBOR3月,3.1730,,2015-10-12,SHIBOR6月,3.3526,,2015-10-12,SHIBOR1年,3.4140
2015-10-09,FRGC001,4.1860,,2015-10-09,FRGC007,2.9840,,2015-10-09,SHIBOR隔夜,1.9060,,2015-10-09,SHIBOR1周,2.4000,,2015-10-09,SHIBOR3月,3.1585,,2015-10-09,SHIBOR6月,3.3458,,2015-10-09,SHIBOR1年,3.4140
2015-10-08,FRGC001,1.5990,,2015-10-08,FRGC007,2.6200,,2015-10-08,SHIBOR隔夜,1.9090,,2015-10-08,SHIBOR1周,2.4000,,2015-10-08,SHIBOR3月,3.1515,,2015-10-08,SHIBOR6月,3.3408,,2015-10-08,SHIBOR1年,3.4140
2015-09-30,FRGC001,3.4450,,2015-09-30,FRGC007,3.5860,,2015-09-30,SHIBOR隔夜,1.9890,,2015-09-30,SHIBOR1周,2.4080,,2015-09-30,SHIBOR3月,3.1530,,2015-09-30,SHIBOR6月,3.3410,,2015-09-30,SHIBOR1年,3.4130
2015-09-29,FRGC001,0.9640,,2015-09-29,FRGC007,1.9280,,2015-09-29,SHIBOR隔夜,1.9070,,2015-09-29,SHIBOR1周,2.4190,,2015-09-29,SHIBOR3月,3.1530,,2015-09-29,SHIBOR6月,3.3436,,2015-09-29,SHIBOR1年,3.4130
2015-09-28,FRGC001,2.8740,,2015-09-28,FRGC007,2.2400,,2015-09-28,SHIBOR隔夜,1.9100,,2015-09-28,SHIBOR1周,2.4310,,2015-09-28,SHIBOR3月,3.1520,,2015-09-28,SHIBOR6月,3.3398,,2015-09-28,SHIBOR1年,3.4130
2015-09-25,FRGC001,2.5770,,2015-09-25,FRGC007,2.4040,,2015-09-25,SHIBOR隔夜,1.9070,,2015-09-25,SHIBOR1周,2.4470,,2015-09-25,SHIBOR3月,3.1530,,2015-09-25,SHIBOR6月,3.3418,,2015-09-25,SHIBOR1年,3.4130
2015-09-24,FRGC001,0.9540,,2015-09-24,FRGC007,2.0890,,2015-09-24,SHIBOR隔夜,1.9090,,2015-09-24,SHIBOR1周,2.4800,,2015-09-24,SHIBOR3月,3.1518,,2015-09-24,SHIBOR6月,3.3405,,2015-09-24,SHIBOR1年,3.4130
2015-09-23,FRGC001,2.0680,,2015-09-23,FRGC007,1.9690,,2015-09-23,SHIBOR隔夜,1.9080,,2015-09-23,SHIBOR1周,2.4010,,2015-09-23,SHIBOR3月,3.1468,,2015-09-23,SHIBOR6月,3.3360,,2015-09-23,SHIBOR1年,3.4130
2015-09-22,FRGC001,2.1730,,2015-09-22,FRGC007,2.3290,,2015-09-22,SHIBOR隔夜,1.9080,,2015-09-22,SHIBOR1周,2.3970,,2015-09-22,SHIBOR3月,3.1448,,2015-09-22,SHIBOR6月,3.3320,,2015-09-22,SHIBOR1年,3.4130
2015-09-21,FRGC001,1.9190,,2015-09-21,FRGC007,1.9970,,2015-09-21,SHIBOR隔夜,1.9010,,2015-09-21,SHIBOR1周,2.3910,,2015-09-21,SHIBOR3月,3.1410,,2015-09-21,SHIBOR6月,3.3270,,2015-09-21,SHIBOR1年,3.4130
2015-09-18,FRGC001,1.8570,,2015-09-18,FRGC007,1.7950,,2015-09-18,SHIBOR隔夜,1.9000,,2015-09-18,SHIBOR1周,2.3900,,2015-09-18,SHIBOR3月,3.1355,,2015-09-18,SHIBOR6月,3.3257,,2015-09-18,SHIBOR1年,3.4130
2015-09-17,FRGC001,0.6840,,2015-09-17,FRGC007,1.6900,,2015-09-17,SHIBOR隔夜,1.8990,,2015-09-17,SHIBOR1周,2.3910,,2015-09-17,SHIBOR3月,3.1268,,2015-09-17,SHIBOR6月,3.3242,,2015-09-17,SHIBOR1年,3.4130
2015-09-16,FRGC001,1.5610,,2015-09-16,FRGC007,1.6960,,2015-09-16,SHIBOR隔夜,1.9000,,2015-09-16,SHIBOR1周,2.3910,,2015-09-16,SHIBOR3月,3.1160,,2015-09-16,SHIBOR6月,3.3240,,2015-09-16,SHIBOR1年,3.4130
2015-09-15,FRGC001,1.4320,,2015-09-15,FRGC007,1.7090,,2015-09-15,SHIBOR隔夜,1.8990,,2015-09-15,SHIBOR1周,2.3920,,2015-09-15,SHIBOR3月,3.1130,,2015-09-15,SHIBOR6月,3.3190,,2015-09-15,SHIBOR1年,3.4120
2015-09-14,FRGC001,1.3260,,2015-09-14,FRGC007,1.6920,,2015-09-14,SHIBOR隔夜,1.8990,,2015-09-14,SHIBOR1周,2.3940,,2015-09-14,SHIBOR3月,3.1060,,2015-09-14,SHIBOR6月,3.3105,,2015-09-14,SHIBOR1年,3.4110
2015-09-11,FRGC001,1.4560,,2015-09-11,FRGC007,1.5640,,2015-09-11,SHIBOR隔夜,1.9001,,2015-09-11,SHIBOR1周,2.4030,,2015-09-11,SHIBOR3月,3.0970,,2015-09-11,SHIBOR6月,3.3110,,2015-09-11,SHIBOR1年,3.4110
2015-09-10,FRGC001,0.5860,,2015-09-10,FRGC007,1.6970,,2015-09-10,SHIBOR隔夜,1.8990,,2015-09-10,SHIBOR1周,2.4000,,2015-09-10,SHIBOR3月,3.0930,,2015-09-10,SHIBOR6月,3.3020,,2015-09-10,SHIBOR1年,3.4100
2015-09-09,FRGC001,1.5410,,2015-09-09,FRGC007,1.7420,,2015-09-09,SHIBOR隔夜,1.8960,,2015-09-09,SHIBOR1周,2.3980,,2015-09-09,SHIBOR3月,3.0920,,2015-09-09,SHIBOR6月,3.3010,,2015-09-09,SHIBOR1年,3.4143
2015-09-08,FRGC001,1.3430,,2015-09-08,FRGC007,1.6120,,2015-09-08,SHIBOR隔夜,1.8970,,2015-09-08,SHIBOR1周,2.4020,,2015-09-08,SHIBOR3月,3.0950,,2015-09-08,SHIBOR6月,3.2880,,2015-09-08,SHIBOR1年,3.4090
2015-09-07,FRGC001,1.2730,,2015-09-07,FRGC007,1.8430,,2015-09-07,SHIBOR隔夜,1.9040,,2015-09-07,SHIBOR1周,2.4100,,2015-09-07,SHIBOR3月,3.0990,,2015-09-07,SHIBOR6月,3.2739,,2015-09-07,SHIBOR1年,3.4010
2015-09-02,FRGC001,1.6650,,2015-09-02,FRGC007,2.1990,,2015-09-02,SHIBOR隔夜,2.0310,,2015-09-02,SHIBOR1周,2.4210,,2015-09-02,SHIBOR3月,3.1026,,2015-09-02,SHIBOR6月,3.2715,,2015-09-02,SHIBOR1年,3.4010
2015-09-01,FRGC001,0.4040,,2015-09-01,FRGC007,1.4200,,2015-09-01,SHIBOR隔夜,1.8210,,2015-09-01,SHIBOR1周,2.4100,,2015-09-01,SHIBOR3月,3.1026,,2015-09-01,SHIBOR6月,3.2710,,2015-09-01,SHIBOR1年,3.4040
2015-08-31,FRGC001,1.6110,,2015-08-31,FRGC007,1.9210,,2015-08-31,SHIBOR隔夜,1.8010,,2015-08-31,SHIBOR1周,2.3980,,2015-08-31,SHIBOR3月,3.1000,,2015-08-31,SHIBOR6月,3.2645,,2015-08-31,SHIBOR1年,3.4010
2015-08-28,FRGC001,1.7610,,2015-08-28,FRGC007,2.0680,,2015-08-28,SHIBOR隔夜,1.7740,,2015-08-28,SHIBOR1周,2.3920,,2015-08-28,SHIBOR3月,3.0980,,2015-08-28,SHIBOR6月,3.2595,,2015-08-28,SHIBOR1年,3.4000
2015-08-27,FRGC001,0.7170,,2015-08-27,FRGC007,1.5440,,2015-08-27,SHIBOR隔夜,1.7590,,2015-08-27,SHIBOR1周,2.3980,,2015-08-27,SHIBOR3月,3.0960,,2015-08-27,SHIBOR6月,3.2590,,2015-08-27,SHIBOR1年,3.4000
2015-08-26,FRGC001,1.5110,,2015-08-26,FRGC007,1.4490,,2015-08-26,SHIBOR隔夜,1.7860,,2015-08-26,SHIBOR1周,2.4290,,2015-08-26,SHIBOR3月,3.0975,,2015-08-26,SHIBOR6月,3.2575,,2015-08-26,SHIBOR1年,3.4000
2015-08-25,FRGC001,1.4390,,2015-08-25,FRGC007,1.7390,,2015-08-25,SHIBOR隔夜,1.8790,,2015-08-25,SHIBOR1周,2.5930,,2015-08-25,SHIBOR3月,3.0910,,2015-08-25,SHIBOR6月,3.2430,,2015-08-25,SHIBOR1年,3.4000
2015-08-24,FRGC001,1.2710,,2015-08-24,FRGC007,1.5780,,2015-08-24,SHIBOR隔夜,1.8660,,2015-08-24,SHIBOR1周,2.5970,,2015-08-24,SHIBOR3月,3.0900,,2015-08-24,SHIBOR6月,3.2330,,2015-08-24,SHIBOR1年,3.4000
2015-08-21,FRGC001,1.3870,,2015-08-21,FRGC007,1.5620,,2015-08-21,SHIBOR隔夜,1.8470,,2015-08-21,SHIBOR1周,2.5990,,2015-08-21,SHIBOR3月,3.0900,,2015-08-21,SHIBOR6月,3.2235,,2015-08-21,SHIBOR1年,3.3987
2015-08-20,FRGC001,0.4780,,2015-08-20,FRGC007,1.4940,,2015-08-20,SHIBOR隔夜,1.8300,,2015-08-20,SHIBOR1周,2.5860,,2015-08-20,SHIBOR3月,3.0930,,2015-08-20,SHIBOR6月,3.2135,,2015-08-20,SHIBOR1年,3.3957
2015-08-19,FRGC001,1.2310,,2015-08-19,FRGC007,1.4640,,2015-08-19,SHIBOR隔夜,1.7880,,2015-08-19,SHIBOR1周,2.5460,,2015-08-19,SHIBOR3月,3.0940,,2015-08-19,SHIBOR6月,3.2070,,2015-08-19,SHIBOR1年,3.3947
2015-08-18,FRGC001,1.1730,,2015-08-18,FRGC007,1.5450,,2015-08-18,SHIBOR隔夜,1.7450,,2015-08-18,SHIBOR1周,2.5310,,2015-08-18,SHIBOR3月,3.0930,,2015-08-18,SHIBOR6月,3.2037,,2015-08-18,SHIBOR1年,3.3945
2015-08-17,FRGC001,1.2220,,2015-08-17,FRGC007,1.5570,,2015-08-17,SHIBOR隔夜,1.7010,,2015-08-17,SHIBOR1周,2.5170,,2015-08-17,SHIBOR3月,3.0910,,2015-08-17,SHIBOR6月,3.2052,,2015-08-17,SHIBOR1年,3.3925
2015-08-14,FRGC001,1.3660,,2015-08-14,FRGC007,1.5050,,2015-08-14,SHIBOR隔夜,1.6670,,2015-08-14,SHIBOR1周,2.4950,,2015-08-14,SHIBOR3月,3.0970,,2015-08-14,SHIBOR6月,3.2003,,2015-08-14,SHIBOR1年,3.3925
2015-08-13,FRGC001,0.5180,,2015-08-13,FRGC007,1.6020,,2015-08-13,SHIBOR隔夜,1.6410,,2015-08-13,SHIBOR1周,2.4810,,2015-08-13,SHIBOR3月,3.1010,,2015-08-13,SHIBOR6月,3.2003,,2015-08-13,SHIBOR1年,3.3925
2015-08-12,FRGC001,1.2360,,2015-08-12,FRGC007,1.7520,,2015-08-12,SHIBOR隔夜,1.6140,,2015-08-12,SHIBOR1周,2.4720,,2015-08-12,SHIBOR3月,3.1125,,2015-08-12,SHIBOR6月,3.2003,,2015-08-12,SHIBOR1年,3.3925
2015-08-11,FRGC001,1.3350,,2015-08-11,FRGC007,1.6460,,2015-08-11,SHIBOR隔夜,1.5860,,2015-08-11,SHIBOR1周,2.4630,,2015-08-11,SHIBOR3月,3.1180,,2015-08-11,SHIBOR6月,3.2006,,2015-08-11,SHIBOR1年,3.3935
2015-08-10,FRGC001,1.2680,,2015-08-10,FRGC007,1.3090,,2015-08-10,SHIBOR隔夜,1.5570,,2015-08-10,SHIBOR1周,2.4550,,2015-08-10,SHIBOR3月,3.1223,,2015-08-10,SHIBOR6月,3.2010,,2015-08-10,SHIBOR1年,3.3935
2015-08-07,FRGC001,1.0860,,2015-08-07,FRGC007,1.2910,,2015-08-07,SHIBOR隔夜,1.5290,,2015-08-07,SHIBOR1周,2.4530,,2015-08-07,SHIBOR3月,3.1270,,2015-08-07,SHIBOR6月,3.2042,,2015-08-07,SHIBOR1年,3.3935
2015-08-06,FRGC001,0.3590,,2015-08-06,FRGC007,1.2640,,2015-08-06,SHIBOR隔夜,1.5170,,2015-08-06,SHIBOR1周,2.4490,,2015-08-06,SHIBOR3月,3.1370,,2015-08-06,SHIBOR6月,3.1990,,2015-08-06,SHIBOR1年,3.3935
2015-08-05,FRGC001,0.9280,,2015-08-05,FRGC007,1.2920,,2015-08-05,SHIBOR隔夜,1.5080,,2015-08-05,SHIBOR1周,2.4710,,2015-08-05,SHIBOR3月,3.1430,,2015-08-05,SHIBOR6月,3.1927,,2015-08-05,SHIBOR1年,3.3934
2015-08-04,FRGC001,0.9630,,2015-08-04,FRGC007,1.2720,,2015-08-04,SHIBOR隔夜,1.4970,,2015-08-04,SHIBOR1周,2.4830,,2015-08-04,SHIBOR3月,3.1500,,2015-08-04,SHIBOR6月,3.1845,,2015-08-04,SHIBOR1年,3.3924
2015-08-03,FRGC001,0.9380,,2015-08-03,FRGC007,1.2760,,2015-08-03,SHIBOR隔夜,1.4880,,2015-08-03,SHIBOR1周,2.4950,,2015-08-03,SHIBOR3月,3.1530,,2015-08-03,SHIBOR6月,3.1807,,2015-08-03,SHIBOR1年,3.3924
2015-07-31,FRGC001,1.0050,,2015-07-31,FRGC007,1.3170,,2015-07-31,SHIBOR隔夜,1.4700,,2015-07-31,SHIBOR1周,2.5090,,2015-07-31,SHIBOR3月,3.1575,,2015-07-31,SHIBOR6月,3.1758,,2015-07-31,SHIBOR1年,3.3924
2015-07-30,FRGC001,0.3650,,2015-07-30,FRGC007,1.4330,,2015-07-30,SHIBOR隔夜,1.4480,,2015-07-30,SHIBOR1周,2.5020,,2015-07-30,SHIBOR3月,3.1605,,2015-07-30,SHIBOR6月,3.1768,,2015-07-30,SHIBOR1年,3.3924
2015-07-29,FRGC001,0.9980,,2015-07-29,FRGC007,1.5000,,2015-07-29,SHIBOR隔夜,1.4270,,2015-07-29,SHIBOR1周,2.5140,,2015-07-29,SHIBOR3月,3.1635,,2015-07-29,SHIBOR6月,3.1767,,2015-07-29,SHIBOR1年,3.3923
2015-07-28,FRGC001,1.1320,,2015-07-28,FRGC007,1.5460,,2015-07-28,SHIBOR隔夜,1.3880,,2015-07-28,SHIBOR1周,2.5520,,2015-07-28,SHIBOR3月,3.1638,,2015-07-28,SHIBOR6月,3.1753,,2015-07-28,SHIBOR1年,3.3924
2015-07-27,FRGC001,1.1170,,2015-07-27,FRGC007,1.4140,,2015-07-27,SHIBOR隔夜,1.3740,,2015-07-27,SHIBOR1周,2.5590,,2015-07-27,SHIBOR3月,3.1645,,2015-07-27,SHIBOR6月,3.1708,,2015-07-27,SHIBOR1年,3.3923
2015-07-24,FRGC001,1.0930,,2015-07-24,FRGC007,1.4690,,2015-07-24,SHIBOR隔夜,1.3370,,2015-07-24,SHIBOR1周,2.5590,,2015-07-24,SHIBOR3月,3.1635,,2015-07-24,SHIBOR6月,3.1656,,2015-07-24,SHIBOR1年,3.3922
2015-07-23,FRGC001,0.4230,,2015-07-23,FRGC007,1.4840,,2015-07-23,SHIBOR隔夜,1.3320,,2015-07-23,SHIBOR1周,2.5400,,2015-07-23,SHIBOR3月,3.1600,,2015-07-23,SHIBOR6月,3.1647,,2015-07-23,SHIBOR1年,3.3912
2015-07-22,FRGC001,0.8730,,2015-07-22,FRGC007,1.4030,,2015-07-22,SHIBOR隔夜,1.3230,,2015-07-22,SHIBOR1周,2.4780,,2015-07-22,SHIBOR3月,3.1563,,2015-07-22,SHIBOR6月,3.1642,,2015-07-22,SHIBOR1年,3.3912
2015-07-21,FRGC001,0.8380,,2015-07-21,FRGC007,1.3790,,2015-07-21,SHIBOR隔夜,1.3040,,2015-07-21,SHIBOR1周,2.4580,,2015-07-21,SHIBOR3月,3.1512,,2015-07-21,SHIBOR6月,3.1611,,2015-07-21,SHIBOR1年,3.3912
2015-07-20,FRGC001,0.8520,,2015-07-20,FRGC007,1.4690,,2015-07-20,SHIBOR隔夜,1.2900,,2015-07-20,SHIBOR1周,2.4490,,2015-07-20,SHIBOR3月,3.1505,,2015-07-20,SHIBOR6月,3.1601,,2015-07-20,SHIBOR1年,3.3912
2015-07-17,FRGC001,0.8540,,2015-07-17,FRGC007,1.4220,,2015-07-17,SHIBOR隔夜,1.2820,,2015-07-17,SHIBOR1周,2.4640,,2015-07-17,SHIBOR3月,3.1520,,2015-07-17,SHIBOR6月,3.1601,,2015-07-17,SHIBOR1年,3.3912
2015-07-16,FRGC001,0.3280,,2015-07-16,FRGC007,1.6670,,2015-07-16,SHIBOR隔夜,1.2630,,2015-07-16,SHIBOR1周,2.4810,,2015-07-16,SHIBOR3月,3.1550,,2015-07-16,SHIBOR6月,3.1601,,2015-07-16,SHIBOR1年,3.3912
2015-07-15,FRGC001,0.7670,,2015-07-15,FRGC007,1.7260,,2015-07-15,SHIBOR隔夜,1.2450,,2015-07-15,SHIBOR1周,2.5500,,2015-07-15,SHIBOR3月,3.1598,,2015-07-15,SHIBOR6月,3.1601,,2015-07-15,SHIBOR1年,3.3911
2015-07-14,FRGC001,0.8180,,2015-07-14,FRGC007,1.7110,,2015-07-14,SHIBOR隔夜,1.2380,,2015-07-14,SHIBOR1周,2.5560,,2015-07-14,SHIBOR3月,3.1642,,2015-07-14,SHIBOR6月,3.1601,,2015-07-14,SHIBOR1年,3.3901
2015-07-13,FRGC001,0.8750,,2015-07-13,FRGC007,1.5970,,2015-07-13,SHIBOR隔夜,1.2240,,2015-07-13,SHIBOR1周,2.5530,,2015-07-13,SHIBOR3月,3.1709,,2015-07-13,SHIBOR6月,3.1601,,2015-07-13,SHIBOR1年,3.3897
2015-07-10,FRGC001,0.9920,,2015-07-10,FRGC007,1.8000,,2015-07-10,SHIBOR隔夜,1.2100,,2015-07-10,SHIBOR1周,2.5750,,2015-07-10,SHIBOR3月,3.1770,,2015-07-10,SHIBOR6月,3.1602,,2015-07-10,SHIBOR1年,3.3868
2015-07-09,FRGC001,0.4080,,2015-07-09,FRGC007,1.9460,,2015-07-09,SHIBOR隔夜,1.1980,,2015-07-09,SHIBOR1周,2.5780,,2015-07-09,SHIBOR3月,3.1820,,2015-07-09,SHIBOR6月,3.1615,,2015-07-09,SHIBOR1年,3.3867
2015-07-08,FRGC001,0.9060,,2015-07-08,FRGC007,1.7070,,2015-07-08,SHIBOR隔夜,1.1870,,2015-07-08,SHIBOR1周,2.5890,,2015-07-08,SHIBOR3月,3.1860,,2015-07-08,SHIBOR6月,3.1635,,2015-07-08,SHIBOR1年,3.3858
2015-07-07,FRGC001,0.9090,,2015-07-07,FRGC007,1.4630,,2015-07-07,SHIBOR隔夜,1.1760,,2015-07-07,SHIBOR1周,2.6100,,2015-07-07,SHIBOR3月,3.1920,,2015-07-07,SHIBOR6月,3.1638,,2015-07-07,SHIBOR1年,3.3860
2015-07-06,FRGC001,1.0250,,2015-07-06,FRGC007,1.7180,,2015-07-06,SHIBOR隔夜,1.1670,,2015-07-06,SHIBOR1周,2.6610,,2015-07-06,SHIBOR3月,3.2030,,2015-07-06,SHIBOR6月,3.1660,,2015-07-06,SHIBOR1年,3.3870
2015-07-03,FRGC001,3.5900,,2015-07-03,FRGC007,3.0300,,2015-07-03,SHIBOR隔夜,1.1590,,2015-07-03,SHIBOR1周,2.8020,,2015-07-03,SHIBOR3月,3.2020,,2015-07-03,SHIBOR6月,3.1681,,2015-07-03,SHIBOR1年,3.3870
2015-07-02,FRGC001,0.6230,,2015-07-02,FRGC007,3.2120,,2015-07-02,SHIBOR隔夜,1.1608,,2015-07-02,SHIBOR1周,2.7120,,2015-07-02,SHIBOR3月,3.2120,,2015-07-02,SHIBOR6月,3.1696,,2015-07-02,SHIBOR1年,3.3870
2015-07-01,FRGC001,1.2340,,2015-07-01,FRGC007,3.6120,,2015-07-01,SHIBOR隔夜,1.1630,,2015-07-01,SHIBOR1周,2.6020,,2015-07-01,SHIBOR3月,3.2130,,2015-07-01,SHIBOR6月,3.1740,,2015-07-01,SHIBOR1年,3.3865
2015-06-30,FRGC001,1.6740,,2015-06-30,FRGC007,3.5570,,2015-06-30,SHIBOR隔夜,1.2570,,2015-06-30,SHIBOR1周,2.6520,,2015-06-30,SHIBOR3月,3.2330,,2015-06-30,SHIBOR6月,3.1800,,2015-06-30,SHIBOR1年,3.3920
2015-06-29,FRGC001,1.5580,,2015-06-29,FRGC007,2.6000,,2015-06-29,SHIBOR隔夜,1.3400,,2015-06-29,SHIBOR1周,2.8400,,2015-06-29,SHIBOR3月,3.2480,,2015-06-29,SHIBOR6月,3.1840,,2015-06-29,SHIBOR1年,3.3920
2015-06-26,FRGC001,1.0790,,2015-06-26,FRGC007,2.0620,,2015-06-26,SHIBOR隔夜,1.3570,,2015-06-26,SHIBOR1周,2.9210,,2015-06-26,SHIBOR3月,3.2770,,2015-06-26,SHIBOR6月,3.1990,,2015-06-26,SHIBOR1年,3.4000
2015-06-25,FRGC001,0.3840,,2015-06-25,FRGC007,1.6080,,2015-06-25,SHIBOR隔夜,1.3570,,2015-06-25,SHIBOR1周,2.8840,,2015-06-25,SHIBOR3月,3.2500,,2015-06-25,SHIBOR6月,3.1990,,2015-06-25,SHIBOR1年,3.4000
2015-06-24,FRGC001,1.1730,,2015-06-24,FRGC007,1.8130,,2015-06-24,SHIBOR隔夜,1.3380,,2015-06-24,SHIBOR1周,2.8080,,2015-06-24,SHIBOR3月,3.2110,,2015-06-24,SHIBOR6月,3.1970,,2015-06-24,SHIBOR1年,3.4000
2015-06-23,FRGC001,2.7830,,2015-06-23,FRGC007,2.6220,,2015-06-23,SHIBOR隔夜,1.2950,,2015-06-23,SHIBOR1周,2.6750,,2015-06-23,SHIBOR3月,3.1730,,2015-06-23,SHIBOR6月,3.1930,,2015-06-23,SHIBOR1年,3.4000
2015-06-19,FRGC001,6.9520,,2015-06-19,FRGC007,3.5070,,2015-06-19,SHIBOR隔夜,1.2670,,2015-06-19,SHIBOR1周,2.6740,,2015-06-19,SHIBOR3月,3.1050,,2015-06-19,SHIBOR6月,3.1896,,2015-06-19,SHIBOR1年,3.4000
2015-06-18,FRGC001,2.7580,,2015-06-18,FRGC007,3.7480,,2015-06-18,SHIBOR隔夜,1.2020,,2015-06-18,SHIBOR1周,2.4780,,2015-06-18,SHIBOR3月,3.0540,,2015-06-18,SHIBOR6月,3.1853,,2015-06-18,SHIBOR1年,3.4000
2015-06-17,FRGC001,2.3230,,2015-06-17,FRGC007,3.5300,,2015-06-17,SHIBOR隔夜,1.1510,,2015-06-17,SHIBOR1周,2.2380,,2015-06-17,SHIBOR3月,2.9990,,2015-06-17,SHIBOR6月,3.1823,,2015-06-17,SHIBOR1年,3.4000
2015-06-16,FRGC001,1.2300,,2015-06-16,FRGC007,4.1830,,2015-06-16,SHIBOR隔夜,1.1310,,2015-06-16,SHIBOR1周,2.1430,,2015-06-16,SHIBOR3月,2.9810,,2015-06-16,SHIBOR6月,3.1823,,2015-06-16,SHIBOR1年,3.4000
2015-06-15,FRGC001,1.2650,,2015-06-15,FRGC007,4.2070,,2015-06-15,SHIBOR隔夜,1.1210,,2015-06-15,SHIBOR1周,2.1100,,2015-06-15,SHIBOR3月,2.9600,,2015-06-15,SHIBOR6月,3.1815,,2015-06-15,SHIBOR1年,3.4000
2015-06-12,FRGC001,1.3620,,2015-06-12,FRGC007,3.5870,,2015-06-12,SHIBOR隔夜,1.1040,,2015-06-12,SHIBOR1周,2.0850,,2015-06-12,SHIBOR3月,2.9210,,2015-06-12,SHIBOR6月,3.1840,,2015-06-12,SHIBOR1年,3.4000
2015-06-11,FRGC001,0.5340,,2015-06-11,FRGC007,2.7340,,2015-06-11,SHIBOR隔夜,1.0900,,2015-06-11,SHIBOR1周,2.0630,,2015-06-11,SHIBOR3月,2.9090,,2015-06-11,SHIBOR6月,3.1860,,2015-06-11,SHIBOR1年,3.4000
2015-06-10,FRGC001,0.9920,,2015-06-10,FRGC007,1.4770,,2015-06-10,SHIBOR隔夜,1.0830,,2015-06-10,SHIBOR1周,2.0520,,2015-06-10,SHIBOR3月,2.9020,,2015-06-10,SHIBOR6月,3.1900,,2015-06-10,SHIBOR1年,3.4000
2015-06-09,FRGC001,0.9980,,2015-06-09,FRGC007,1.3780,,2015-06-09,SHIBOR隔夜,1.0710,,2015-06-09,SHIBOR1周,2.0490,,2015-06-09,SHIBOR3月,2.9020,,2015-06-09,SHIBOR6月,3.1970,,2015-06-09,SHIBOR1年,3.4000
2015-06-08,FRGC001,1.0020,,2015-06-08,FRGC007,1.3210,,2015-06-08,SHIBOR隔夜,1.0610,,2015-06-08,SHIBOR1周,2.0430,,2015-06-08,SHIBOR3月,2.8870,,2015-06-08,SHIBOR6月,3.1970,,2015-06-08,SHIBOR1年,3.4000
2015-06-05,FRGC001,1.2120,,2015-06-05,FRGC007,1.4350,,2015-06-05,SHIBOR隔夜,1.0510,,2015-06-05,SHIBOR1周,2.0700,,2015-06-05,SHIBOR3月,2.8850,,2015-06-05,SHIBOR6月,3.1970,,2015-06-05,SHIBOR1年,3.4000
2015-06-04,FRGC001,1.1970,,2015-06-04,FRGC007,1.6910,,2015-06-04,SHIBOR隔夜,1.0470,,2015-06-04,SHIBOR1周,2.1220,,2015-06-04,SHIBOR3月,2.8825,,2015-06-04,SHIBOR6月,3.1953,,2015-06-04,SHIBOR1年,3.4020
2015-06-03,FRGC001,4.8460,,2015-06-03,FRGC007,2.8130,,2015-06-03,SHIBOR隔夜,1.0390,,2015-06-03,SHIBOR1周,2.0570,,2015-06-03,SHIBOR3月,2.8710,,2015-06-03,SHIBOR6月,3.1910,,2015-06-03,SHIBOR1年,3.4080
2015-06-02,FRGC001,4.7350,,2015-06-02,FRGC007,3.4880,,2015-06-02,SHIBOR隔夜,1.0340,,2015-06-02,SHIBOR1周,1.9770,,2015-06-02,SHIBOR3月,2.8620,,2015-06-02,SHIBOR6月,3.1890,,2015-06-02,SHIBOR1年,3.4175
2015-06-01,FRGC001,1.8910,,2015-06-01,FRGC007,4.0050,,2015-06-01,SHIBOR隔夜,1.0270,,2015-06-01,SHIBOR1周,1.9630,,2015-06-01,SHIBOR3月,2.8565,,2015-06-01,SHIBOR6月,3.1970,,2015-06-01,SHIBOR1年,3.4300
2015-05-29,FRGC001,1.4740,,2015-05-29,FRGC007,5.5770,,2015-05-29,SHIBOR隔夜,1.0390,,2015-05-29,SHIBOR1周,1.9720,,2015-05-29,SHIBOR3月,2.8640,,2015-05-29,SHIBOR6月,3.2110,,2015-05-29,SHIBOR1年,3.4440
2015-05-28,FRGC001,0.5460,,2015-05-28,FRGC007,4.1430,,2015-05-28,SHIBOR隔夜,1.0430,,2015-05-28,SHIBOR1周,1.9520,,2015-05-28,SHIBOR3月,2.8650,,2015-05-28,SHIBOR6月,3.2320,,2015-05-28,SHIBOR1年,3.4630
2015-05-27,FRGC001,1.1270,,2015-05-27,FRGC007,2.7880,,2015-05-27,SHIBOR隔夜,1.0400,,2015-05-27,SHIBOR1周,1.9670,,2015-05-27,SHIBOR3月,2.8690,,2015-05-27,SHIBOR6月,3.2770,,2015-05-27,SHIBOR1年,3.5110
2015-05-26,FRGC001,1.1060,,2015-05-26,FRGC007,1.5760,,2015-05-26,SHIBOR隔夜,1.0400,,2015-05-26,SHIBOR1周,1.9688,,2015-05-26,SHIBOR3月,2.8810,,2015-05-26,SHIBOR6月,3.3440,,2015-05-26,SHIBOR1年,3.5740
2015-05-25,FRGC001,1.1460,,2015-05-25,FRGC007,1.4490,,2015-05-25,SHIBOR隔夜,1.0390,,2015-05-25,SHIBOR1周,1.9680,,2015-05-25,SHIBOR3月,2.9030,,2015-05-25,SHIBOR6月,3.4450,,2015-05-25,SHIBOR1年,3.6920
2015-05-22,FRGC001,1.3190,,2015-05-22,FRGC007,1.4170,,2015-05-22,SHIBOR隔夜,1.0370,,2015-05-22,SHIBOR1周,1.9660,,2015-05-22,SHIBOR3月,2.9590,,2015-05-22,SHIBOR6月,3.5610,,2015-05-22,SHIBOR1年,3.8660
2015-05-21,FRGC001,1.6360,,2015-05-21,FRGC007,2.0090,,2015-05-21,SHIBOR隔夜,1.0330,,2015-05-21,SHIBOR1周,1.9440,,2015-05-21,SHIBOR3月,3.0140,,2015-05-21,SHIBOR6月,3.5950,,2015-05-21,SHIBOR1年,3.9480
2015-05-20,FRGC001,5.9610,,2015-05-20,FRGC007,2.7260,,2015-05-20,SHIBOR隔夜,1.0320,,2015-05-20,SHIBOR1周,1.9320,,2015-05-20,SHIBOR3月,3.0710,,2015-05-20,SHIBOR6月,3.6480,,2015-05-20,SHIBOR1年,4.0240
2015-05-19,FRGC001,3.8780,,2015-05-19,FRGC007,2.8500,,2015-05-19,SHIBOR隔夜,1.0330,,2015-05-19,SHIBOR1周,1.9250,,2015-05-19,SHIBOR3月,3.1560,,2015-05-19,SHIBOR6月,3.7000,,2015-05-19,SHIBOR1年,4.1150
2015-05-18,FRGC001,1.2930,,2015-05-18,FRGC007,2.6540,,2015-05-18,SHIBOR隔夜,1.0520,,2015-05-18,SHIBOR1周,1.9200,,2015-05-18,SHIBOR3月,3.2000,,2015-05-18,SHIBOR6月,3.7720,,2015-05-18,SHIBOR1年,4.1710
2015-05-15,FRGC001,1.1600,,2015-05-15,FRGC007,2.6850,,2015-05-15,SHIBOR隔夜,1.0780,,2015-05-15,SHIBOR1周,1.9620,,2015-05-15,SHIBOR3月,3.3230,,2015-05-15,SHIBOR6月,3.8750,,2015-05-15,SHIBOR1年,4.2410
2015-05-14,FRGC001,0.4330,,2015-05-14,FRGC007,2.5660,,2015-05-14,SHIBOR隔夜,1.1820,,2015-05-14,SHIBOR1周,2.0560,,2015-05-14,SHIBOR3月,3.4820,,2015-05-14,SHIBOR6月,3.9620,,2015-05-14,SHIBOR1年,4.3115
2015-05-13,FRGC001,1.0970,,2015-05-13,FRGC007,2.0580,,2015-05-13,SHIBOR隔夜,1.2470,,2015-05-13,SHIBOR1周,2.1490,,2015-05-13,SHIBOR3月,3.6340,,2015-05-13,SHIBOR6月,4.0460,,2015-05-13,SHIBOR1年,4.3845
2015-05-12,FRGC001,1.1480,,2015-05-12,FRGC007,1.6260,,2015-05-12,SHIBOR隔夜,1.2900,,2015-05-12,SHIBOR1周,2.1970,,2015-05-12,SHIBOR3月,3.6810,,2015-05-12,SHIBOR6月,4.0900,,2015-05-12,SHIBOR1年,4.4150
2015-05-11,FRGC001,1.4970,,2015-05-11,FRGC007,1.7310,,2015-05-11,SHIBOR隔夜,1.3450,,2015-05-11,SHIBOR1周,2.2450,,2015-05-11,SHIBOR3月,3.7350,,2015-05-11,SHIBOR6月,4.1250,,2015-05-11,SHIBOR1年,4.4530
2015-05-08,FRGC001,2.1050,,2015-05-08,FRGC007,1.9270,,2015-05-08,SHIBOR隔夜,1.4430,,2015-05-08,SHIBOR1周,2.3340,,2015-05-08,SHIBOR3月,3.7985,,2015-05-08,SHIBOR6月,4.1831,,2015-05-08,SHIBOR1年,4.5000
2015-05-07,FRGC001,2.2840,,2015-05-07,FRGC007,2.6720,,2015-05-07,SHIBOR隔夜,1.4890,,2015-05-07,SHIBOR1周,2.3550,,2015-05-07,SHIBOR3月,3.8230,,2015-05-07,SHIBOR6月,4.2120,,2015-05-07,SHIBOR1年,4.5150
2015-05-06,FRGC001,4.5390,,2015-05-06,FRGC007,2.9860,,2015-05-06,SHIBOR隔夜,1.5230,,2015-05-06,SHIBOR1周,2.3690,,2015-05-06,SHIBOR3月,3.8460,,2015-05-06,SHIBOR6月,4.2300,,2015-05-06,SHIBOR1年,4.5330
2015-05-05,FRGC001,3.3710,,2015-05-05,FRGC007,3.4820,,2015-05-05,SHIBOR隔夜,1.5640,,2015-05-05,SHIBOR1周,2.3680,,2015-05-05,SHIBOR3月,3.8815,,2015-05-05,SHIBOR6月,4.2565,,2015-05-05,SHIBOR1年,4.5455
2015-05-04,FRGC001,1.7930,,2015-05-04,FRGC007,4.1880,,2015-05-04,SHIBOR隔夜,1.6190,,2015-05-04,SHIBOR1周,2.3900,,2015-05-04,SHIBOR3月,3.9230,,2015-05-04,SHIBOR6月,4.2940,,2015-05-04,SHIBOR1年,4.5628
2015-04-30,FRGC001,1.7630,,2015-04-30,FRGC007,4.6670,,2015-04-30,SHIBOR隔夜,1.6900,,2015-04-30,SHIBOR1周,2.4300,,2015-04-30,SHIBOR3月,3.9700,,2015-04-30,SHIBOR6月,4.3240,,2015-04-30,SHIBOR1年,4.5816
2015-04-29,FRGC001,0.4890,,2015-04-29,FRGC007,2.5410,,2015-04-29,SHIBOR隔夜,1.7390,,2015-04-29,SHIBOR1周,2.4390,,2015-04-29,SHIBOR3月,4.0350,,2015-04-29,SHIBOR6月,4.3553,,2015-04-29,SHIBOR1年,4.5965
2015-04-28,FRGC001,1.6270,,2015-04-28,FRGC007,1.9310,,2015-04-28,SHIBOR隔夜,1.7590,,2015-04-28,SHIBOR1周,2.4380,,2015-04-28,SHIBOR3月,4.0800,,2015-04-28,SHIBOR6月,4.4035,,2015-04-28,SHIBOR1年,4.6075
2015-04-27,FRGC001,1.6480,,2015-04-27,FRGC007,1.8120,,2015-04-27,SHIBOR隔夜,1.8060,,2015-04-27,SHIBOR1周,2.4510,,2015-04-27,SHIBOR3月,4.1610,,2015-04-27,SHIBOR6月,4.4676,,2015-04-27,SHIBOR1年,4.6278
2015-04-24,FRGC001,1.5450,,2015-04-24,FRGC007,1.8930,,2015-04-24,SHIBOR隔夜,1.8510,,2015-04-24,SHIBOR1周,2.4880,,2015-04-24,SHIBOR3月,4.2641,,2015-04-24,SHIBOR6月,4.5085,,2015-04-24,SHIBOR1年,4.6430
2015-04-23,FRGC001,0.5800,,2015-04-23,FRGC007,1.4850,,2015-04-23,SHIBOR隔夜,1.9080,,2015-04-23,SHIBOR1周,2.5270,,2015-04-23,SHIBOR3月,4.3431,,2015-04-23,SHIBOR6月,4.5390,,2015-04-23,SHIBOR1年,4.6688
2015-04-22,FRGC001,1.4900,,2015-04-22,FRGC007,2.0290,,2015-04-22,SHIBOR隔夜,1.9490,,2015-04-22,SHIBOR1周,2.5670,,2015-04-22,SHIBOR3月,4.4161,,2015-04-22,SHIBOR6月,4.5960,,2015-04-22,SHIBOR1年,4.6935
2015-04-21,FRGC001,1.3810,,2015-04-21,FRGC007,2.0790,,2015-04-21,SHIBOR隔夜,2.0020,,2015-04-21,SHIBOR1周,2.6200,,2015-04-21,SHIBOR3月,4.4845,,2015-04-21,SHIBOR6月,4.6461,,2015-04-21,SHIBOR1年,4.7265
2015-04-20,FRGC001,1.5600,,2015-04-20,FRGC007,2.1820,,2015-04-20,SHIBOR隔夜,2.0870,,2015-04-20,SHIBOR1周,2.7320,,2015-04-20,SHIBOR3月,4.6133,,2015-04-20,SHIBOR6月,4.6978,,2015-04-20,SHIBOR1年,4.7553
2015-04-17,FRGC001,2.1260,,2015-04-17,FRGC007,2.4920,,2015-04-17,SHIBOR隔夜,2.2680,,2015-04-17,SHIBOR1周,2.8730,,2015-04-17,SHIBOR3月,4.7030,,2015-04-17,SHIBOR6月,4.7485,,2015-04-17,SHIBOR1年,4.7758
2015-04-16,FRGC001,2.1970,,2015-04-16,FRGC007,3.2600,,2015-04-16,SHIBOR隔夜,2.2980,,2015-04-16,SHIBOR1周,2.8840,,2015-04-16,SHIBOR3月,4.7200,,2015-04-16,SHIBOR6月,4.7585,,2015-04-16,SHIBOR1年,4.7753
2015-04-15,FRGC001,5.4460,,2015-04-15,FRGC007,3.8740,,2015-04-15,SHIBOR隔夜,2.3070,,2015-04-15,SHIBOR1周,2.8800,,2015-04-15,SHIBOR3月,4.7365,,2015-04-15,SHIBOR6月,4.7690,,2015-04-15,SHIBOR1年,4.7773
2015-04-14,FRGC001,5.2770,,2015-04-14,FRGC007,4.6830,,2015-04-14,SHIBOR隔夜,2.3720,,2015-04-14,SHIBOR1周,2.9200,,2015-04-14,SHIBOR3月,4.7535,,2015-04-14,SHIBOR6月,4.7700,,2015-04-14,SHIBOR1年,4.7773
2015-04-13,FRGC001,1.9480,,2015-04-13,FRGC007,5.0610,,2015-04-13,SHIBOR隔夜,2.4050,,2015-04-13,SHIBOR1周,2.9490,,2015-04-13,SHIBOR3月,4.7667,,2015-04-13,SHIBOR6月,4.7733,,2015-04-13,SHIBOR1年,4.7774
2015-04-10,FRGC001,1.4520,,2015-04-10,FRGC007,5.5850,,2015-04-10,SHIBOR隔夜,2.4890,,2015-04-10,SHIBOR1周,2.9700,,2015-04-10,SHIBOR3月,4.7821,,2015-04-10,SHIBOR6月,4.7755,,2015-04-10,SHIBOR1年,4.7785
2015-04-09,FRGC001,0.5440,,2015-04-09,FRGC007,4.5870,,2015-04-09,SHIBOR隔夜,2.5990,,2015-04-09,SHIBOR1周,3.0730,,2015-04-09,SHIBOR3月,4.8008,,2015-04-09,SHIBOR6月,4.7762,,2015-04-09,SHIBOR1年,4.7798
2015-04-08,FRGC001,1.5530,,2015-04-08,FRGC007,3.1930,,2015-04-08,SHIBOR隔夜,2.6830,,2015-04-08,SHIBOR1周,3.1630,,2015-04-08,SHIBOR3月,4.8305,,2015-04-08,SHIBOR6月,4.7773,,2015-04-08,SHIBOR1年,4.7800
2015-04-07,FRGC001,1.8020,,2015-04-07,FRGC007,2.8950,,2015-04-07,SHIBOR隔夜,2.7660,,2015-04-07,SHIBOR1周,3.3190,,2015-04-07,SHIBOR3月,4.8585,,2015-04-07,SHIBOR6月,4.7784,,2015-04-07,SHIBOR1年,4.7800
2015-04-03,FRGC001,2.1990,,2015-04-03,FRGC007,2.8800,,2015-04-03,SHIBOR隔夜,2.8870,,2015-04-03,SHIBOR1周,3.5060,,2015-04-03,SHIBOR3月,4.8880,,2015-04-03,SHIBOR6月,4.7794,,2015-04-03,SHIBOR1年,4.7800
2015-04-02,FRGC001,0.6460,,2015-04-02,FRGC007,2.8990,,2015-04-02,SHIBOR隔夜,2.9950,,2015-04-02,SHIBOR1周,3.6350,,2015-04-02,SHIBOR3月,4.8975,,2015-04-02,SHIBOR6月,4.7785,,2015-04-02,SHIBOR1年,4.7800
2015-04-01,FRGC001,2.6990,,2015-04-01,FRGC007,3.3710,,2015-04-01,SHIBOR隔夜,3.0870,,2015-04-01,SHIBOR1周,3.7540,,2015-04-01,SHIBOR3月,4.8975,,2015-04-01,SHIBOR6月,4.7795,,2015-04-01,SHIBOR1年,4.7800
2015-03-31,FRGC001,3.6320,,2015-03-31,FRGC007,3.6720,,2015-03-31,SHIBOR隔夜,3.1830,,2015-03-31,SHIBOR1周,3.8860,,2015-03-31,SHIBOR3月,4.8975,,2015-03-31,SHIBOR6月,4.7795,,2015-03-31,SHIBOR1年,4.7800
2015-03-30,FRGC001,3.1660,,2015-03-30,FRGC007,3.1700,,2015-03-30,SHIBOR隔夜,3.2030,,2015-03-30,SHIBOR1周,3.9190,,2015-03-30,SHIBOR3月,4.8975,,2015-03-30,SHIBOR6月,4.7795,,2015-03-30,SHIBOR1年,4.7800
2015-03-27,FRGC001,2.6050,,2015-03-27,FRGC007,3.0040,,2015-03-27,SHIBOR隔夜,3.2060,,2015-03-27,SHIBOR1周,3.8930,,2015-03-27,SHIBOR3月,4.8975,,2015-03-27,SHIBOR6月,4.7796,,2015-03-27,SHIBOR1年,4.7800
2015-03-26,FRGC001,0.9120,,2015-03-26,FRGC007,3.3590,,2015-03-26,SHIBOR隔夜,3.2160,,2015-03-26,SHIBOR1周,3.8970,,2015-03-26,SHIBOR3月,4.8975,,2015-03-26,SHIBOR6月,4.7795,,2015-03-26,SHIBOR1年,4.7800
2015-03-25,FRGC001,2.7010,,2015-03-25,FRGC007,3.6260,,2015-03-25,SHIBOR隔夜,3.2100,,2015-03-25,SHIBOR1周,3.9550,,2015-03-25,SHIBOR3月,4.8975,,2015-03-25,SHIBOR6月,4.7796,,2015-03-25,SHIBOR1年,4.7801
2015-03-24,FRGC001,2.8510,,2015-03-24,FRGC007,3.1970,,2015-03-24,SHIBOR隔夜,3.2180,,2015-03-24,SHIBOR1周,4.0330,,2015-03-24,SHIBOR3月,4.8980,,2015-03-24,SHIBOR6月,4.7790,,2015-03-24,SHIBOR1年,4.7800
2015-03-23,FRGC001,2.8450,,2015-03-23,FRGC007,3.1970,,2015-03-23,SHIBOR隔夜,3.2170,,2015-03-23,SHIBOR1周,4.1430,,2015-03-23,SHIBOR3月,4.8990,,2015-03-23,SHIBOR6月,4.7800,,2015-03-23,SHIBOR1年,4.7800
2015-03-20,FRGC001,2.8160,,2015-03-20,FRGC007,3.0870,,2015-03-20,SHIBOR隔夜,3.2940,,2015-03-20,SHIBOR1周,4.3310,,2015-03-20,SHIBOR3月,4.9020,,2015-03-20,SHIBOR6月,4.7802,,2015-03-20,SHIBOR1年,4.7800
2015-03-19,FRGC001,0.9280,,2015-03-19,FRGC007,3.1290,,2015-03-19,SHIBOR隔夜,3.3320,,2015-03-19,SHIBOR1周,4.4960,,2015-03-19,SHIBOR3月,4.9040,,2015-03-19,SHIBOR6月,4.7812,,2015-03-19,SHIBOR1年,4.7801
2015-03-18,FRGC001,2.3530,,2015-03-18,FRGC007,3.3980,,2015-03-18,SHIBOR隔夜,3.3690,,2015-03-18,SHIBOR1周,4.6020,,2015-03-18,SHIBOR3月,4.9060,,2015-03-18,SHIBOR6月,4.7802,,2015-03-18,SHIBOR1年,4.7801
2015-03-17,FRGC001,2.2410,,2015-03-17,FRGC007,3.0600,,2015-03-17,SHIBOR隔夜,3.3760,,2015-03-17,SHIBOR1周,4.6200,,2015-03-17,SHIBOR3月,4.9050,,2015-03-17,SHIBOR6月,4.7812,,2015-03-17,SHIBOR1年,4.7801
2015-03-16,FRGC001,2.8160,,2015-03-16,FRGC007,3.3440,,2015-03-16,SHIBOR隔夜,3.4030,,2015-03-16,SHIBOR1周,4.7080,,2015-03-16,SHIBOR3月,4.9050,,2015-03-16,SHIBOR6月,4.7811,,2015-03-16,SHIBOR1年,4.7801
2015-03-13,FRGC001,5.2880,,2015-03-13,FRGC007,3.9980,,2015-03-13,SHIBOR隔夜,3.4360,,2015-03-13,SHIBOR1周,4.7380,,2015-03-13,SHIBOR3月,4.9000,,2015-03-13,SHIBOR6月,4.7801,,2015-03-13,SHIBOR1年,4.7800
2015-03-12,FRGC001,6.2240,,2015-03-12,FRGC007,4.9210,,2015-03-12,SHIBOR隔夜,3.4644,,2015-03-12,SHIBOR1周,4.7511,,2015-03-12,SHIBOR3月,4.9000,,2015-03-12,SHIBOR6月,4.7800,,2015-03-12,SHIBOR1年,4.7801
2015-03-11,FRGC001,9.2890,,2015-03-11,FRGC007,6.5600,,2015-03-11,SHIBOR隔夜,3.3470,,2015-03-11,SHIBOR1周,4.7730,,2015-03-11,SHIBOR3月,4.9000,,2015-03-11,SHIBOR6月,4.7799,,2015-03-11,SHIBOR1年,4.7801
2015-03-10,FRGC001,3.2120,,2015-03-10,FRGC007,6.7330,,2015-03-10,SHIBOR隔夜,3.3500,,2015-03-10,SHIBOR1周,4.7630,,2015-03-10,SHIBOR3月,4.8988,,2015-03-10,SHIBOR6月,4.7789,,2015-03-10,SHIBOR1年,4.7801
2015-03-09,FRGC001,1.7430,,2015-03-09,FRGC007,8.7650,,2015-03-09,SHIBOR隔夜,3.3810,,2015-03-09,SHIBOR1周,4.7730,,2015-03-09,SHIBOR3月,4.8979,,2015-03-09,SHIBOR6月,4.7781,,2015-03-09,SHIBOR1年,4.7803
2015-03-06,FRGC001,2.0360,,2015-03-06,FRGC007,7.4860,,2015-03-06,SHIBOR隔夜,3.4160,,2015-03-06,SHIBOR1周,4.7390,,2015-03-06,SHIBOR3月,4.8978,,2015-03-06,SHIBOR6月,4.7791,,2015-03-06,SHIBOR1年,4.7821
2015-03-05,FRGC001,0.8110,,2015-03-05,FRGC007,5.5160,,2015-03-05,SHIBOR隔夜,3.4330,,2015-03-05,SHIBOR1周,4.7290,,2015-03-05,SHIBOR3月,4.8960,,2015-03-05,SHIBOR6月,4.7800,,2015-03-05,SHIBOR1年,4.7802
2015-03-04,FRGC001,2.5880,,2015-03-04,FRGC007,4.0590,,2015-03-04,SHIBOR隔夜,3.4460,,2015-03-04,SHIBOR1周,4.7170,,2015-03-04,SHIBOR3月,4.8959,,2015-03-04,SHIBOR6月,4.7791,,2015-03-04,SHIBOR1年,4.7812
2015-03-03,FRGC001,3.1140,,2015-03-03,FRGC007,3.9240,,2015-03-03,SHIBOR隔夜,3.4500,,2015-03-03,SHIBOR1周,4.7470,,2015-03-03,SHIBOR3月,4.8979,,2015-03-03,SHIBOR6月,4.7801,,2015-03-03,SHIBOR1年,4.7805
2015-03-02,FRGC001,3.3730,,2015-03-02,FRGC007,3.7230,,2015-03-02,SHIBOR隔夜,3.4530,,2015-03-02,SHIBOR1周,4.7480,,2015-03-02,SHIBOR3月,4.8980,,2015-03-02,SHIBOR6月,4.7795,,2015-03-02,SHIBOR1年,4.7829
2015-02-27,FRGC001,3.7620,,2015-02-27,FRGC007,3.7010,,2015-02-27,SHIBOR隔夜,3.3180,,2015-02-27,SHIBOR1周,4.7150,,2015-02-27,SHIBOR3月,4.9000,,2015-02-27,SHIBOR6月,4.7846,,2015-02-27,SHIBOR1年,4.7888
2015-02-26,FRGC001,1.3030,,2015-02-26,FRGC007,3.8330,,2015-02-26,SHIBOR隔夜,3.2980,,2015-02-26,SHIBOR1周,4.7170,,2015-02-26,SHIBOR3月,4.9000,,2015-02-26,SHIBOR6月,4.7846,,2015-02-26,SHIBOR1年,4.7878
2015-02-25,FRGC001,3.6070,,2015-02-25,FRGC007,4.0080,,2015-02-25,SHIBOR隔夜,3.3280,,2015-02-25,SHIBOR1周,4.7680,,2015-02-25,SHIBOR3月,4.9000,,2015-02-25,SHIBOR6月,4.7856,,2015-02-25,SHIBOR1年,4.7886
2015-02-17,FRGC001,4.2980,,2015-02-17,FRGC007,4.5350,,2015-02-17,SHIBOR隔夜,3.4000,,2015-02-17,SHIBOR1周,4.7490,,2015-02-17,SHIBOR3月,4.9000,,2015-02-17,SHIBOR6月,4.7853,,2015-02-17,SHIBOR1年,4.7868
2015-02-16,FRGC001,1.0780,,2015-02-16,FRGC007,2.2540,,2015-02-16,SHIBOR隔夜,3.1820,,2015-02-16,SHIBOR1周,4.7000,,2015-02-16,SHIBOR3月,4.9000,,2015-02-16,SHIBOR6月,4.7821,,2015-02-16,SHIBOR1年,4.7888
2015-02-13,FRGC001,3.4550,,2015-02-13,FRGC007,3.3640,,2015-02-13,SHIBOR隔夜,3.0910,,2015-02-13,SHIBOR1周,4.6630,,2015-02-13,SHIBOR3月,4.9000,,2015-02-13,SHIBOR6月,4.7803,,2015-02-13,SHIBOR1年,4.7855
2015-02-12,FRGC001,4.6220,,2015-02-12,FRGC007,4.6810,,2015-02-12,SHIBOR隔夜,3.0580,,2015-02-12,SHIBOR1周,4.6020,,2015-02-12,SHIBOR3月,4.9010,,2015-02-12,SHIBOR6月,4.7780,,2015-02-12,SHIBOR1年,4.7834
2015-02-11,FRGC001,26.6500,,2015-02-11,FRGC007,6.6720,,2015-02-11,SHIBOR隔夜,2.9320,,2015-02-11,SHIBOR1周,4.4200,,2015-02-11,SHIBOR3月,4.9000,,2015-02-11,SHIBOR6月,4.7765,,2015-02-11,SHIBOR1年,4.7800
2015-02-10,FRGC001,19.7930,,2015-02-10,FRGC007,5.3580,,2015-02-10,SHIBOR隔夜,2.8520,,2015-02-10,SHIBOR1周,4.3210,,2015-02-10,SHIBOR3月,4.8990,,2015-02-10,SHIBOR6月,4.7791,,2015-02-10,SHIBOR1年,4.7790
2015-02-09,FRGC001,3.8060,,2015-02-09,FRGC007,6.0780,,2015-02-09,SHIBOR隔夜,2.8120,,2015-02-09,SHIBOR1周,4.3350,,2015-02-09,SHIBOR3月,4.9040,,2015-02-09,SHIBOR6月,4.7796,,2015-02-09,SHIBOR1年,4.7790
2015-02-06,FRGC001,2.0630,,2015-02-06,FRGC007,5.1650,,2015-02-06,SHIBOR隔夜,2.8560,,2015-02-06,SHIBOR1周,4.3590,,2015-02-06,SHIBOR3月,4.9080,,2015-02-06,SHIBOR6月,4.7841,,2015-02-06,SHIBOR1年,4.7793
2015-02-05,FRGC001,0.8400,,2015-02-05,FRGC007,4.9440,,2015-02-05,SHIBOR隔夜,2.8660,,2015-02-05,SHIBOR1周,4.4120,,2015-02-05,SHIBOR3月,4.9160,,2015-02-05,SHIBOR6月,4.7880,,2015-02-05,SHIBOR1年,4.7830
2015-02-04,FRGC001,2.9710,,2015-02-04,FRGC007,4.6070,,2015-02-04,SHIBOR隔夜,2.9730,,2015-02-04,SHIBOR1周,4.4270,,2015-02-04,SHIBOR3月,4.9280,,2015-02-04,SHIBOR6月,4.7990,,2015-02-04,SHIBOR1年,4.7886
2015-02-03,FRGC001,3.7670,,2015-02-03,FRGC007,4.6880,,2015-02-03,SHIBOR隔夜,2.9544,,2015-02-03,SHIBOR1周,4.3933,,2015-02-03,SHIBOR3月,4.9167,,2015-02-03,SHIBOR6月,4.7989,,2015-02-03,SHIBOR1年,4.7856
2015-02-02,FRGC001,6.3070,,2015-02-02,FRGC007,5.5370,,2015-02-02,SHIBOR隔夜,2.8890,,2015-02-02,SHIBOR1周,4.2570,,2015-02-02,SHIBOR3月,4.9164,,2015-02-02,SHIBOR6月,4.7960,,2015-02-02,SHIBOR1年,4.7848
2015-01-30,FRGC001,6.7130,,2015-01-30,FRGC007,5.0890,,2015-01-30,SHIBOR隔夜,2.8130,,2015-01-30,SHIBOR1周,4.0260,,2015-01-30,SHIBOR3月,4.9140,,2015-01-30,SHIBOR6月,4.7920,,2015-01-30,SHIBOR1年,4.7830
2015-01-29,FRGC001,1.2090,,2015-01-29,FRGC007,3.9720,,2015-01-29,SHIBOR隔夜,2.7650,,2015-01-29,SHIBOR1周,3.9290,,2015-01-29,SHIBOR3月,4.9070,,2015-01-29,SHIBOR6月,4.7878,,2015-01-29,SHIBOR1年,4.7790
2015-01-28,FRGC001,2.7620,,2015-01-28,FRGC007,3.4820,,2015-01-28,SHIBOR隔夜,2.6900,,2015-01-28,SHIBOR1周,3.8980,,2015-01-28,SHIBOR3月,4.9005,,2015-01-28,SHIBOR6月,4.7829,,2015-01-28,SHIBOR1年,4.7788
2015-01-27,FRGC001,2.7240,,2015-01-27,FRGC007,3.6280,,2015-01-27,SHIBOR隔夜,2.6740,,2015-01-27,SHIBOR1周,3.8900,,2015-01-27,SHIBOR3月,4.8970,,2015-01-27,SHIBOR6月,4.7771,,2015-01-27,SHIBOR1年,4.7758
2015-01-26,FRGC001,2.7740,,2015-01-26,FRGC007,3.6360,,2015-01-26,SHIBOR隔夜,2.6880,,2015-01-26,SHIBOR1周,3.9200,,2015-01-26,SHIBOR3月,4.8935,,2015-01-26,SHIBOR6月,4.7741,,2015-01-26,SHIBOR1年,4.7748
2015-01-23,FRGC001,2.7550,,2015-01-23,FRGC007,3.2640,,2015-01-23,SHIBOR隔夜,2.7280,,2015-01-23,SHIBOR1周,4.0280,,2015-01-23,SHIBOR3月,4.9010,,2015-01-23,SHIBOR6月,4.7745,,2015-01-23,SHIBOR1年,4.7738
2015-01-22,FRGC001,0.9770,,2015-01-22,FRGC007,3.2390,,2015-01-22,SHIBOR隔夜,2.7710,,2015-01-22,SHIBOR1周,3.8750,,2015-01-22,SHIBOR3月,4.9000,,2015-01-22,SHIBOR6月,4.7730,,2015-01-22,SHIBOR1年,4.7720
2015-01-21,FRGC001,2.4440,,2015-01-21,FRGC007,3.4470,,2015-01-21,SHIBOR隔夜,2.7880,,2015-01-21,SHIBOR1周,3.8230,,2015-01-21,SHIBOR3月,4.9000,,2015-01-21,SHIBOR6月,4.7757,,2015-01-21,SHIBOR1年,4.7680
2015-01-20,FRGC001,2.5980,,2015-01-20,FRGC007,3.5920,,2015-01-20,SHIBOR隔夜,2.7070,,2015-01-20,SHIBOR1周,3.7820,,2015-01-20,SHIBOR3月,4.8970,,2015-01-20,SHIBOR6月,4.7707,,2015-01-20,SHIBOR1年,4.7635
2015-01-19,FRGC001,3.1610,,2015-01-19,FRGC007,3.8640,,2015-01-19,SHIBOR隔夜,2.6600,,2015-01-19,SHIBOR1周,3.8310,,2015-01-19,SHIBOR3月,4.8940,,2015-01-19,SHIBOR6月,4.7655,,2015-01-19,SHIBOR1年,4.7555
2015-01-16,FRGC001,5.6250,,2015-01-16,FRGC007,3.9740,,2015-01-16,SHIBOR隔夜,2.6330,,2015-01-16,SHIBOR1周,3.8480,,2015-01-16,SHIBOR3月,4.8890,,2015-01-16,SHIBOR6月,4.7612,,2015-01-16,SHIBOR1年,4.7521
2015-01-15,FRGC001,2.9710,,2015-01-15,FRGC007,4.1760,,2015-01-15,SHIBOR隔夜,2.6310,,2015-01-15,SHIBOR1周,3.8430,,2015-01-15,SHIBOR3月,4.8940,,2015-01-15,SHIBOR6月,4.7543,,2015-01-15,SHIBOR1年,4.7521
2015-01-14,FRGC001,5.4660,,2015-01-14,FRGC007,4.7420,,2015-01-14,SHIBOR隔夜,2.6360,,2015-01-14,SHIBOR1周,3.8370,,2015-01-14,SHIBOR3月,4.8980,,2015-01-14,SHIBOR6月,4.7509,,2015-01-14,SHIBOR1年,4.7500
2015-01-13,FRGC001,2.7700,,2015-01-13,FRGC007,4.8900,,2015-01-13,SHIBOR隔夜,2.6670,,2015-01-13,SHIBOR1周,3.7300,,2015-01-13,SHIBOR3月,4.9055,,2015-01-13,SHIBOR6月,4.7539,,2015-01-13,SHIBOR1年,4.7500
2015-01-12,FRGC001,2.6190,,2015-01-12,FRGC007,6.5470,,2015-01-12,SHIBOR隔夜,2.7530,,2015-01-12,SHIBOR1周,3.7620,,2015-01-12,SHIBOR3月,4.9061,,2015-01-12,SHIBOR6月,4.7479,,2015-01-12,SHIBOR1年,4.7500
2015-01-09,FRGC001,1.7280,,2015-01-09,FRGC007,5.3720,,2015-01-09,SHIBOR隔夜,2.8050,,2015-01-09,SHIBOR1周,3.7380,,2015-01-09,SHIBOR3月,4.9250,,2015-01-09,SHIBOR6月,4.7470,,2015-01-09,SHIBOR1年,4.7490
2015-01-08,FRGC001,0.7220,,2015-01-08,FRGC007,4.2560,,2015-01-08,SHIBOR隔夜,2.8300,,2015-01-08,SHIBOR1周,3.7450,,2015-01-08,SHIBOR3月,4.9630,,2015-01-08,SHIBOR6月,4.7480,,2015-01-08,SHIBOR1年,4.7488
2015-01-07,FRGC001,2.3870,,2015-01-07,FRGC007,4.1910,,2015-01-07,SHIBOR隔夜,2.8810,,2015-01-07,SHIBOR1周,3.8730,,2015-01-07,SHIBOR3月,5.0190,,2015-01-07,SHIBOR6月,4.7501,,2015-01-07,SHIBOR1年,4.7476
2015-01-06,FRGC001,3.2740,,2015-01-06,FRGC007,4.0830,,2015-01-06,SHIBOR隔夜,3.0320,,2015-01-06,SHIBOR1周,4.2410,,2015-01-06,SHIBOR3月,5.0770,,2015-01-06,SHIBOR6月,4.7482,,2015-01-06,SHIBOR1年,4.7455
2015-01-05,FRGC001,3.6580,,2015-01-05,FRGC007,4.0670,,2015-01-05,SHIBOR隔夜,3.4210,,2015-01-05,SHIBOR1周,4.7250,,2015-01-05,SHIBOR3月,5.1250,,2015-01-05,SHIBOR6月,4.7478,,2015-01-05,SHIBOR1年,4.7429
